HOST_ID,IP_ADDRESS,COUNTRY,PROVIDER
529725,151.242.77.183,Switzerland,Oracle Cloud
595518,29.121.187.236,Singapore,Azure
512003,204.108.228.114,Poland,Azure
542061,61.191.250.108,Ireland,Oracle Cloud
175713,65.66.0.235,Australia,AWS
228232,142.170.61.149,Greece,AWS
620551,28.56.13.7,Czech Republic,Azure
268383,100.252.217.170,Netherlands,Alibaba Cloud
425996,106.149.186.79,France,Google Cloud
232079,48.216.225.53,Luxembourg,IBM Cloud
700530,77.236.23.245,Austria,Oracle Cloud
129257,62.55.101.164,Canada,OVHcloud
535423,32.208.189.44,Belgium,Azure
423390,64.165.85.23,Spain,Rackspace
827955,18.15.241.172,Japan,DigitalOcean
238563,39.109.185.236,Germany,AWS
426032,120.37.18.160,Denmark,Linode
895509,252.37.80.234,Italy,AWS
353973,163.141.79.203,United Kingdom,Linode
476826,190.163.194.175,United States,Azure
954321,181.223.104.188,Portugal,DigitalOcean
584090,31.73.174.78,Norway,Google Cloud
776787,151.27.19.58,Hong Kong,Oracle Cloud
943804,9.149.89.240,Sweden,AWS
632101,24.101.170.3,Belgium,Google Cloud
389226,124.47.179.135,Poland,Linode
111745,237.214.41.88,Ireland,Azure
332732,92.8.69.228,France,AWS
713474,7.217.63.76,Hong Kong,OVHcloud
313030,174.141.51.146,Belgium,Oracle Cloud
438076,234.125.228.135,Australia,DigitalOcean
544191,152.8.57.14,United Kingdom,DigitalOcean
384186,193.8.40.52,Germany,AWS
537629,217.103.105.63,Singapore,Alibaba Cloud
984315,64.163.120.141,Portugal,Rackspace
521818,218.84.224.3,Austria,IBM Cloud
462130,8.226.154.34,Spain,Google Cloud
892058,55.51.77.106,United States,Linode
341531,191.199.164.117,Italy,Azure
803650,21.199.236.171,Sweden,OVHcloud
444855,80.131.179.99,Singapore,Azure
531374,146.204.202.57,Singapore,Alibaba Cloud
383707,150.39.41.66,Ireland,OVHcloud
529660,144.51.105.248,Portugal,Alibaba Cloud
829678,184.98.38.13,Ireland,Azure
261779,144.190.135.25,Netherlands,Google Cloud
817148,226.217.211.76,Singapore,Rackspace
931291,1.68.175.229,Germany,DigitalOcean
746701,104.115.135.7,Belgium,OVHcloud
147837,73.185.187.118,Ireland,Oracle Cloud
