KEYWORD,DATE_ADDED
altered medication,15/05/2020
shell jurisdiction,17/03/2020
underground tool,29/03/2025
blocked establishment,15/04/2021
smuggled prescription,26/05/2024
deep group,15/04/2022
anonymous entity,30/11/2024
unlisted cash,07/01/2023
stealth capsule,05/06/2025
unlicensed intermediary,15/06/2020
restricted medicine,01/08/2022
unreported drug,08/11/2020
suspicious trading,21/07/2022
questionable container,01/08/2022
stealth container,07/03/2025
blocked sanctuary,08/10/2022
dummy medicine,02/09/2023
illicit enterprise,01/09/2023
crypto pill,13/01/2025
restricted haven,21/12/2024
laundered materials,12/05/2020
prohibited solution,14/04/2020
fraudulent entity,02/07/2022
unverified offshore,04/07/2024
coded trust,22/04/2024
compromised instrument,03/02/2021
risky delivery,12/01/2022
obscure nominee,09/10/2020
underground trading,21/07/2022
front payment,04/03/2020
prohibited corporation,18/05/2020
stealth narcotic,08/02/2025
coded intermediary,09/07/2025
illicit compound,29/10/2020
invisible tablet,11/09/2020
masked weapon,01/10/2022
invisible group,12/05/2020
crypto jurisdiction,05/02/2025
unregistered establishment,27/05/2022
counterfeit scheme,18/01/2020
covert substance,29/07/2024
disguised cash,15/05/2025
disguised device,18/04/2021
undeclared solution,13/11/2022
secret trading,08/04/2024
restricted equipment,06/08/2023
restricted pharmaceutical,15/02/2023
restricted substance,02/12/2023
manipulated haven,25/07/2023
dark shipment,01/05/2025
unregistered armament,22/11/2021
irregular formula,20/03/2020
undisclosed compound,09/01/2021
confidential armament,23/04/2020
laundered brokerage,25/04/2021
unlicensed narcotic,24/08/2021
restricted items,21/12/2024
unknown proxy,21/07/2023
fake entity,18/08/2022
dubious drug,27/11/2024
unofficial business,19/01/2023
suspicious group,02/09/2020
black capsule,06/07/2021
dark container,26/06/2024
manipulated component,10/01/2020
hidden materials,24/03/2025
obscure network,24/03/2020
unverified corporation,25/02/2022
black sanctuary,11/11/2021
discrete mixture,30/04/2020
dark foundation,26/07/2023
dummy transaction,16/03/2024
undisclosed solution,06/05/2020
altered ring,20/08/2022
masked venture,22/02/2021
phantom entity,10/11/2022
banned supplement,25/03/2023
confidential network,02/12/2021
suspicious equipment,03/01/2025
unknown front,30/04/2020
fake venture,04/08/2025
strange drug,19/03/2020
quiet scheme,02/04/2022
suspicious brokerage,27/07/2023
restricted corporation,19/08/2022
suspicious formula,05/07/2025
banned payment,19/05/2022
dubious nominee,16/08/2021
silent component,20/01/2024
strange shell,23/01/2021
unverified specimen,09/10/2022
quiet weapon,19/09/2021
laundered operation,05/10/2021
irregular organization,19/02/2023
undisclosed sanctuary,06/08/2023
unreported mixture,26/11/2024
coded narcotic,03/10/2023
discrete exchange,13/09/2020
illegal operation,08/11/2024
unreported exchange,04/04/2022
encrypted armament,25/03/2023
stealth haven,22/10/2020
exploited container,27/01/2021
restricted organization,02/09/2023
unauthorized supplement,03/12/2023
classified cartel,24/02/2022
unofficial pill,12/08/2024
unreported business,06/06/2022
coded paradise,24/02/2020
covert sample,05/07/2020
suspicious compound,01/06/2022
obscure transfer,08/11/2022
manipulated narcotic,01/07/2025
illicit scheme,15/05/2024
illicit drug,16/02/2025
risky nominee,03/10/2021
banned foundation,17/03/2025
masked cargo,21/05/2021
misrepresented formula,20/03/2022
unauthorized materials,13/01/2021
unregistered device,06/06/2024
stealth powder,27/02/2021
suspicious pill,23/01/2025
altered organization,05/01/2022
forged items,26/10/2022
secret ammunition,06/09/2022
diverted medication,15/02/2023
ghost ring,27/06/2020
dummy deposit,22/08/2025
suspicious powder,19/06/2021
secret establishment,28/08/2024
dummy weapon,07/12/2020
disguised mirror,17/05/2024
banned mirror,20/06/2024
crypto sanctuary,22/11/2024
restricted mirror,18/06/2022
unauthorized solution,08/06/2023
alternative formula,03/08/2022
questionable drug,14/08/2025
unregistered chemical,18/05/2025
unregistered organization,13/11/2022
unlisted sanctuary,21/05/2024
smuggled items,10/05/2020
hidden crystal,30/11/2024
unlisted proxy,03/05/2022
front nominee,27/11/2024
unregistered transfer,16/03/2025
counterfeit medicine,02/08/2022
silent proxy,06/06/2024
unregistered instrument,14/07/2022
shell intermediary,25/08/2021
unregistered syndicate,20/08/2020
unlicensed syndicate,11/05/2022
compromised ring,30/12/2023
covert intermediary,14/03/2024
forged exchange,02/06/2021
fraudulent sanctuary,31/01/2024
unverified equipment,23/05/2022
alternative foundation,25/02/2023
risky syndicate,10/10/2022
fraudulent shipment,08/02/2024
exploited brokerage,01/12/2023
masked mixture,23/04/2021
dummy brokerage,28/06/2022
unregistered haven,08/07/2022
unverified cargo,30/01/2023
manipulated compound,11/08/2021
invisible paradise,07/05/2023
restricted transfer,18/11/2023
undeclared front,18/12/2024
unusual business,26/11/2024
shadow trust,07/08/2024
fraudulent solution,30/01/2022
silent equipment,28/09/2024
stealth cargo,03/03/2022
coded prescription,25/02/2025
strange package,05/03/2023
irregular instrument,29/08/2020
unlisted materials,18/06/2020
undisclosed armament,13/05/2021
unusual payment,10/09/2023
unlicensed deposit,08/06/2020
concealed haven,24/10/2023
blocked nominee,30/09/2022
counterfeit materials,05/11/2024
undisclosed medication,29/05/2024
exploited network,17/08/2022
diverted jurisdiction,07/05/2023
alternative hardware,01/12/2023
invisible substance,10/12/2020
suspicious business,10/12/2020
classified intermediary,23/05/2024
risky crystal,09/09/2023
unknown component,14/02/2023
confidential offshore,25/06/2021
fake intermediary,05/11/2024
front compound,06/03/2025
dark component,24/09/2021
illegal foundation,09/12/2020
questionable shipment,25/08/2020
banned instrument,10/06/2021
underground transaction,22/04/2020
unlisted medicine,09/11/2023
black compound,17/10/2020
dark mirror,23/03/2025
unlisted organization,23/03/2024
diverted compound,13/02/2021
questionable conversion,12/06/2024
unregistered foundation,12/10/2020
obscure package,05/05/2022
unusual venture,29/03/2022
irregular jurisdiction,31/12/2021
unauthorized nominee,04/05/2022
undeclared jurisdiction,13/11/2020
unauthorized offshore,20/12/2023
discrete chemical,23/10/2024
unreported specimen,17/08/2020
questionable powder,26/02/2023
illegal solution,12/10/2022
restricted operation,03/06/2023
unusual trading,30/08/2025
forged armament,24/10/2020
undeclared formula,06/02/2023
diverted substance,25/08/2021
unauthorized organization,20/05/2024
concealed corporation,05/04/2025
manipulated equipment,04/12/2021
quiet goods,29/10/2024
illicit substance,26/11/2023
restricted prescription,15/02/2024
crypto drug,21/02/2021
stealth paradise,09/02/2021
smuggled deposit,16/04/2022
compromised establishment,17/02/2021
suspicious materials,07/12/2022
irregular nominee,06/11/2022
restricted medication,18/02/2021
diverted hardware,20/11/2020
counterfeit mirror,19/06/2021
alternative mixture,18/12/2024
unverified front,28/08/2020
unregistered trust,09/05/2022
irregular stimulant,31/08/2022
fraudulent materials,26/08/2020
quiet trust,06/10/2023
underground chemical,14/06/2022
illicit cargo,10/08/2024
untraceable device,19/12/2023
obscure pill,09/11/2020
unregistered delivery,23/09/2022
discrete deposit,02/01/2024
crypto offshore,11/06/2020
banned solution,15/01/2023
deep enterprise,19/07/2024
concealed weapon,03/10/2024
counterfeit enterprise,09/11/2024
altered shell,04/04/2024
illegal corporation,16/01/2025
illicit chemical,28/08/2025
smuggled establishment,15/06/2025
counterfeit specimen,25/10/2024
unknown hardware,08/01/2021
strange cartel,26/01/2023
crypto contraband,30/06/2023
unofficial jurisdiction,09/01/2023
diverted brokerage,27/12/2024
suspicious venture,12/06/2022
risky paradise,18/04/2025
black transfer,15/05/2022
dubious weapon,16/03/2023
unusual sample,25/11/2020
manipulated cash,14/03/2022
restricted cargo,26/06/2025
suspicious operation,14/03/2025
stealth payment,07/09/2020
unregistered items,03/07/2021
concealed shell,19/04/2021
ghost substance,03/06/2024
front operation,08/07/2024
silent shipment,26/12/2020
quiet deposit,12/04/2023
irregular group,02/07/2020
encrypted delivery,16/11/2021
concealed operation,16/05/2024
questionable front,03/03/2025
unofficial trust,11/07/2025
ghost chemical,28/09/2023
confidential hardware,17/11/2022
secret syndicate,16/03/2025
blocked network,02/03/2021
alternative substance,06/04/2021
illegal narcotic,17/03/2020
crypto trading,28/06/2025
hidden conversion,14/03/2025
unauthorized mirror,11/08/2025
unregistered package,24/07/2020
questionable offshore,12/07/2025
questionable ammunition,29/07/2022
stealth prescription,18/04/2021
unauthorized weapon,08/07/2020
undeclared container,05/11/2024
covert cash,10/12/2024
fake powder,19/10/2023
illegal intermediary,29/08/2024
invisible shell,22/01/2022
unknown chemical,26/06/2021
underground powder,25/01/2025
dubious cash,09/04/2022
dubious shell,25/07/2024
quiet capsule,13/07/2023
ghost organization,06/11/2023
questionable mirror,01/11/2023
invisible stimulant,01/06/2022
unlicensed trust,30/05/2021
laundered group,14/07/2020
silent device,11/12/2021
prohibited chemical,18/09/2024
dark haven,26/01/2020
alternative supplement,15/10/2020
risky weapon,09/04/2022
illegal medicine,05/10/2021
coded drug,26/12/2021
fraudulent transfer,20/07/2025
dummy foundation,10/04/2024
front organization,21/11/2022
compromised haven,10/11/2024
classified entity,12/12/2020
deep haven,24/06/2021
risky cash,23/04/2023
discrete cargo,07/08/2021
front specimen,06/05/2020
prohibited contraband,21/09/2020
fake package,14/10/2023
compromised formula,13/02/2020
prohibited tablet,24/01/2022
restricted formula,25/11/2021
front establishment,11/01/2024
prohibited equipment,26/01/2021
fake cargo,27/06/2022
smuggled front,29/03/2020
fake jurisdiction,16/01/2021
fake capsule,13/04/2022
phantom scheme,23/11/2020
unregistered medicine,29/07/2023
confidential equipment,06/05/2021
undeclared enterprise,26/03/2021
unofficial brokerage,16/12/2022
unregistered payment,08/07/2020
quiet crystal,30/12/2020
phantom narcotic,26/08/2020
discrete stimulant,24/12/2021
altered brokerage,28/12/2022
phantom venture,10/07/2023
anonymous container,13/11/2022
forged narcotic,27/05/2023
invisible exchange,20/06/2024
manipulated formula,15/07/2022
silent tool,27/02/2025
smuggled ammunition,15/07/2024
stealth syndicate,12/03/2021
untraceable container,13/09/2023
strange specimen,13/08/2021
shell weapon,24/01/2021
unverified mirror,26/01/2021
unauthorized armament,20/08/2023
undeclared ring,21/02/2023
smuggled capsule,21/05/2020
unreported formula,08/10/2020
encrypted supplement,18/08/2024
restricted materials,09/01/2024
restricted mixture,07/08/2022
black foundation,22/05/2020
smuggled scheme,13/12/2021
fraudulent paradise,23/02/2025
silent chemical,07/04/2022
banned goods,01/08/2025
underground exchange,28/01/2021
restricted package,01/07/2020
fake business,05/12/2021
quiet medicine,18/08/2025
confidential medicine,08/02/2025
anonymous narcotic,16/04/2020
dummy organization,18/06/2023
altered specimen,26/07/2021
deep transfer,22/06/2024
fake crystal,04/07/2023
irregular exchange,02/05/2021
questionable proxy,16/08/2024
invisible cargo,17/06/2024
illicit conversion,05/04/2020
fraudulent formula,28/04/2020
disguised jurisdiction,23/05/2020
exploited cartel,30/10/2021
dark device,25/06/2020
unknown deposit,06/02/2020
misrepresented ring,28/12/2024
discrete substance,07/02/2022
unlicensed entity,11/11/2020
suspicious armament,22/02/2025
altered payment,07/05/2022
altered container,28/04/2021
unofficial paradise,29/11/2023
ghost shell,01/05/2021
irregular sample,16/08/2021
dark pill,16/02/2024
unlicensed mirror,03/06/2023
illegal cash,14/03/2023
hidden paradise,05/05/2023
stealth contraband,14/10/2023
alternative brokerage,28/04/2022
secret compound,06/03/2024
alternative tool,19/03/2020
dummy cargo,08/08/2024
unknown network,30/01/2024
strange operation,02/11/2020
concealed powder,26/03/2022
covert trading,14/11/2024
misrepresented haven,03/11/2023
restricted specimen,10/10/2023
phantom transfer,25/11/2023
unauthorized ring,02/07/2022
unlisted crystal,07/04/2025
exploited payment,23/07/2020
disguised medicine,05/11/2021
alternative contraband,26/07/2025
questionable corporation,10/03/2020
quiet narcotic,14/11/2020
phantom deposit,25/01/2022
restricted venture,24/09/2021
coded cargo,14/06/2021
illegal deposit,04/07/2020
crypto chemical,21/04/2021
questionable paradise,08/01/2022
restricted trading,02/05/2022
questionable nominee,14/05/2021
restricted instrument,29/06/2025
silent trading,13/01/2025
blocked shell,15/06/2023
altered goods,18/07/2020
questionable foundation,02/02/2022
forged container,26/03/2022
obscure entity,22/05/2020
alternative entity,07/04/2020
disguised exchange,06/05/2023
alternative medicine,28/05/2024
suspicious mixture,10/05/2023
unknown cartel,11/03/2023
unregistered narcotic,16/03/2025
laundered crystal,12/03/2023
counterfeit mixture,17/03/2020
hidden hardware,25/11/2023
undisclosed package,27/05/2020
unknown specimen,31/12/2020
ghost tool,29/04/2022
alternative stimulant,14/11/2021
unlicensed prescription,01/08/2025
risky package,24/02/2025
banned equipment,10/06/2024
dubious formula,08/08/2023
suspicious cargo,07/06/2022
counterfeit weapon,27/04/2021
compromised offshore,13/02/2024
masked capsule,16/09/2023
unusual cartel,06/04/2024
secret capsule,18/02/2023
alternative narcotic,28/05/2024
exploited crystal,21/07/2022
confidential foundation,02/01/2024
discrete front,22/03/2022
concealed trading,11/02/2023
banned shell,21/06/2023
unauthorized medicine,29/07/2024
restricted offshore,12/05/2025
suspicious network,13/02/2025
banned device,16/07/2021
unverified materials,07/06/2021
underground enterprise,13/07/2022
unusual formula,23/02/2025
diverted cartel,07/01/2021
masked sample,17/02/2024
alternative cash,20/06/2025
deep operation,03/07/2022
exploited shipment,29/01/2025
illegal sample,28/04/2025
front haven,14/04/2025
manipulated brokerage,04/06/2024
risky entity,26/05/2022
exploited medication,04/10/2023
fake medicine,16/04/2024
blocked front,21/10/2023
unlisted supplement,16/01/2025
coded goods,31/07/2022
altered nominee,05/07/2020
discrete supplement,10/06/2022
unverified mixture,05/11/2024
forged contraband,01/01/2020
unlisted establishment,04/02/2022
unofficial offshore,25/01/2025
undisclosed foundation,29/11/2020
compromised shipment,22/12/2020
classified operation,19/06/2021
hidden medicine,14/05/2021
fake shell,26/04/2021
covert prescription,06/06/2023
shell formula,24/06/2025
compromised syndicate,07/01/2024
misrepresented entity,05/07/2024
unauthorized paradise,19/04/2025
irregular brokerage,28/09/2020
irregular ammunition,09/02/2021
manipulated substance,07/10/2024
unlisted operation,14/04/2020
front enterprise,09/07/2025
forged package,30/05/2020
fake network,27/05/2024
masked proxy,16/08/2020
undeclared crystal,02/09/2023
secret operation,06/02/2022
deep specimen,02/11/2023
unreported substance,19/06/2024
unlisted capsule,14/03/2024
discrete organization,28/06/2022
smuggled tablet,24/09/2020
strange substance,12/03/2021
quiet contraband,12/06/2020
shadow cash,12/03/2021
untraceable solution,09/06/2020
misrepresented drug,18/08/2024
smuggled trading,01/12/2022
encrypted haven,08/09/2021
covert venture,07/04/2021
banned cargo,08/07/2023
invisible network,06/02/2021
unregistered operation,11/06/2025
invisible medicine,11/07/2022
shadow compound,20/12/2022
suspicious organization,14/06/2024
manipulated container,04/07/2022
underground withdrawal,09/09/2023
prohibited syndicate,22/12/2022
manipulated venture,19/10/2023
stealth instrument,19/06/2022
unusual corporation,19/01/2025
unreported brokerage,15/09/2021
counterfeit transaction,31/08/2025
banned cash,03/05/2025
encrypted stimulant,11/12/2022
unverified sanctuary,05/04/2023
dummy conversion,31/08/2025
prohibited items,15/09/2021
underground package,31/07/2024
dubious proxy,13/02/2024
banned armament,15/11/2021
unauthorized hardware,22/02/2024
diverted shell,29/10/2023
counterfeit stimulant,27/11/2020
fake operation,24/09/2020
unreported component,15/08/2025
restricted sanctuary,29/11/2023
laundered haven,22/06/2025
invisible establishment,05/01/2025
underground tablet,11/06/2025
concealed medicine,24/02/2025
phantom brokerage,07/06/2022
blocked corporation,18/09/2020
unregistered group,16/03/2021
undisclosed network,02/03/2024
prohibited front,01/05/2021
unofficial transaction,17/08/2025
discrete tool,28/04/2022
exploited front,20/11/2020
undisclosed organization,29/02/2024
unregistered exchange,25/05/2020
covert tool,06/06/2024
undeclared contraband,11/10/2023
dummy shipment,16/01/2020
untraceable venture,21/01/2025
phantom pill,17/07/2024
shell chemical,04/01/2023
dubious foundation,21/05/2023
risky ring,29/09/2022
prohibited organization,09/10/2020
encrypted goods,05/01/2024
phantom instrument,23/02/2020
phantom chemical,09/04/2022
unknown cash,30/11/2020
banned trading,23/05/2022
alternative container,02/11/2021
hidden deposit,27/03/2023
crypto corporation,18/12/2021
dubious conversion,02/06/2020
fraudulent mixture,17/09/2024
questionable entity,10/11/2023
coded organization,22/02/2022
questionable narcotic,10/07/2024
silent sample,20/07/2021
diverted ammunition,06/01/2020
strange trading,08/12/2020
quiet proxy,13/07/2021
black prescription,28/03/2023
restricted nominee,24/06/2023
blocked formula,06/03/2021
disguised trust,11/10/2023
manipulated establishment,16/04/2021
untraceable powder,24/06/2021
restricted ring,25/04/2021
suspicious component,15/04/2024
dummy stimulant,17/11/2023
secret supplement,12/04/2023
dark cargo,19/10/2022
unregistered offshore,29/11/2023
unofficial intermediary,08/05/2021
untraceable chemical,16/03/2020
untraceable network,22/09/2022
black shell,22/05/2024
counterfeit exchange,19/06/2025
unlisted sample,04/02/2020
anonymous cartel,12/01/2023
invisible operation,20/05/2022
laundered goods,19/07/2020
unregistered trading,10/09/2021
encrypted capsule,29/07/2023
unreported conversion,10/11/2023
fraudulent delivery,17/08/2022
discrete venture,03/05/2025
blocked jurisdiction,24/06/2020
anonymous items,19/05/2022
unlicensed goods,13/01/2025
coded medication,12/12/2021
hidden formula,19/07/2020
unreported deposit,14/11/2020
unverified container,30/01/2025
deep supplement,11/02/2020
strange powder,04/04/2023
unofficial narcotic,13/03/2025
untraceable mixture,11/04/2024
blocked intermediary,04/08/2021
unusual pill,28/02/2022
shell pill,11/03/2020
crypto materials,05/10/2021
forged pill,05/03/2021
counterfeit conversion,09/11/2020
diverted haven,23/12/2021
risky organization,11/09/2021
compromised supplement,18/08/2022
confidential paradise,28/12/2022
unregistered cash,27/09/2024
anonymous cash,23/02/2025
covert weapon,03/09/2024
shell trust,19/04/2022
classified stimulant,16/05/2024
suspicious payment,12/02/2023
dark ammunition,30/10/2023
encrypted compound,27/12/2020
questionable delivery,26/07/2025
alternative conversion,03/12/2023
banned contraband,24/09/2024
questionable instrument,18/08/2024
restricted exchange,04/09/2024
coded transfer,18/05/2022
unofficial shell,12/12/2021
shell drug,22/02/2024
diverted venture,27/01/2020
exploited specimen,18/01/2025
covert package,18/04/2021
invisible specimen,15/09/2022
anonymous weapon,20/07/2024
concealed cargo,01/01/2020
unreported trust,23/01/2025
smuggled intermediary,13/01/2023
questionable prescription,06/04/2023
suspicious ring,13/04/2024
shadow conversion,29/01/2025
silent contraband,28/08/2021
strange weapon,22/05/2020
stealth withdrawal,21/03/2020
silent cargo,20/07/2025
smuggled goods,14/01/2024
coded exchange,23/07/2022
masked stimulant,01/05/2025
unlicensed substance,29/06/2024
undisclosed nominee,18/07/2020
untraceable brokerage,23/01/2022
manipulated items,04/09/2022
covert operation,10/01/2021
confidential package,25/05/2020
unreported cargo,15/11/2023
counterfeit jurisdiction,08/10/2022
risky drug,01/10/2020
confidential formula,03/12/2022
strange instrument,11/07/2024
compromised deposit,20/06/2025
dummy equipment,22/02/2024
black narcotic,02/03/2022
unusual package,24/07/2023
secret chemical,24/08/2023
untraceable foundation,10/08/2025
unreported delivery,05/09/2021
quiet substance,03/06/2025
unknown venture,30/03/2023
irregular cargo,14/06/2021
discrete equipment,09/03/2020
covert deposit,16/09/2021
phantom pharmaceutical,15/06/2020
restricted foundation,29/11/2023
dubious powder,10/08/2023
unauthorized device,16/08/2023
hidden substance,16/10/2024
unusual crystal,17/06/2025
anonymous formula,29/11/2024
undeclared offshore,04/02/2020
strange solution,18/08/2023
alternative intermediary,23/01/2022
ghost pill,07/05/2022
undeclared foundation,04/08/2020
risky front,25/08/2023
discrete nominee,04/09/2025
classified nominee,02/09/2025
dark payment,08/06/2024
dubious items,13/07/2024
suspicious shipment,19/11/2020
disguised instrument,23/01/2025
suspicious deposit,24/08/2024
secret organization,29/06/2020
unknown shell,01/03/2023
unreported proxy,14/05/2020
anonymous transfer,16/12/2022
unlisted formula,05/05/2020
obscure medicine,08/10/2021
strange sanctuary,18/10/2021
unauthorized operation,10/10/2022
unregistered scheme,13/01/2020
prohibited materials,23/12/2021
invisible enterprise,09/07/2025
counterfeit corporation,01/06/2021
suspicious tool,28/03/2023
deep weapon,30/05/2020
prohibited nominee,27/04/2021
undeclared deposit,07/08/2025
unauthorized foundation,31/03/2024
restricted front,26/07/2025
unreported transaction,03/11/2021
unauthorized mixture,17/05/2022
manipulated network,05/10/2023
laundered tool,22/03/2021
suspicious specimen,24/08/2024
unreported prescription,16/08/2024
banned mixture,18/08/2023
blocked instrument,07/05/2021
confidential prescription,13/08/2020
unauthorized drug,04/04/2021
shell brokerage,19/04/2024
black shipment,28/03/2024
unregistered entity,22/04/2021
forged shipment,17/04/2023
illegal jurisdiction,12/03/2020
unusual substance,23/07/2022
restricted payment,03/09/2022
restricted delivery,28/03/2023
unregistered shipment,07/03/2025
compromised proxy,09/09/2020
unauthorized proxy,13/09/2022
secret group,22/10/2020
discrete payment,30/10/2024
forged venture,03/06/2020
obscure tablet,14/04/2022
dubious network,22/10/2023
manipulated conversion,08/09/2022
banned intermediary,18/11/2020
illegal haven,30/12/2021
blocked weapon,29/03/2023
banned conversion,25/08/2025
dark items,15/01/2023
counterfeit component,15/01/2024
ghost conversion,24/04/2025
compromised crystal,03/07/2022
alternative trust,25/05/2025
restricted narcotic,16/02/2023
stealth intermediary,31/07/2022
covert stimulant,07/12/2023
confidential delivery,27/02/2020
untraceable medicine,05/09/2023
blocked capsule,02/05/2021
undisclosed venture,17/10/2022
unlicensed cash,14/02/2020
unauthorized pharmaceutical,10/05/2020
restricted goods,15/07/2020
compromised capsule,25/05/2022
covert crystal,01/11/2020
unofficial group,11/07/2025
strange crystal,01/08/2024
unknown scheme,18/01/2021
manipulated pharmaceutical,29/11/2024
anonymous pill,18/01/2021
risky proxy,29/08/2024
deep deposit,22/12/2021
unknown trust,28/04/2021
discrete withdrawal,31/05/2020
illegal entity,30/09/2024
unregistered container,13/11/2021
questionable sanctuary,28/04/2022
undisclosed intermediary,12/08/2024
manipulated solution,18/05/2025
questionable cargo,12/03/2024
hidden nominee,03/12/2020
untraceable deposit,11/09/2024
crypto sample,19/02/2023
unlicensed weapon,26/11/2022
dummy medication,09/10/2024
unofficial medication,07/05/2021
anonymous front,13/06/2020
masked shell,31/01/2021
illicit crystal,08/08/2022
dummy narcotic,21/07/2023
unauthorized venture,05/12/2020
disguised establishment,29/10/2020
manipulated business,10/02/2022
dummy venture,26/09/2021
underground pharmaceutical,24/09/2023
shell materials,03/03/2022
anonymous mixture,29/07/2021
banned delivery,24/11/2021
confidential establishment,09/04/2022
restricted scheme,15/05/2020
undisclosed crystal,07/12/2023
suspicious transaction,28/11/2020
invisible entity,30/01/2021
stealth crystal,01/02/2021
encrypted exchange,12/10/2020
black transaction,10/08/2025
coded cartel,22/03/2024
underground intermediary,26/01/2021
ghost shipment,22/12/2021
dark ring,14/01/2022
unverified supplement,13/05/2025
banned narcotic,28/02/2024
misrepresented scheme,26/04/2020
strange chemical,11/10/2022
illicit sample,25/08/2022
misrepresented cargo,03/11/2023
exploited mirror,03/09/2022
unauthorized deposit,09/12/2023
underground capsule,06/04/2020
altered hardware,08/07/2023
unknown medication,27/07/2024
unregistered corporation,11/05/2022
questionable compound,11/01/2021
laundered transaction,30/01/2024
restricted container,26/09/2022
unofficial front,08/07/2023
dummy ring,23/10/2020
shell medicine,10/05/2022
quiet organization,23/07/2023
deep foundation,13/04/2023
obscure withdrawal,19/10/2021
smuggled enterprise,05/05/2025
classified corporation,13/01/2023
banned operation,03/09/2024
altered contraband,20/03/2021
unlicensed hardware,06/03/2020
unlisted deposit,04/12/2022
deep capsule,23/03/2022
coded compound,30/12/2020
counterfeit haven,20/01/2020
forged drug,13/11/2020
fraudulent drug,24/01/2025
laundered powder,22/12/2021
unusual hardware,19/08/2025
disguised foundation,01/03/2020
blocked cartel,24/07/2023
classified transfer,25/09/2024
quiet tool,02/04/2024
diverted offshore,09/05/2020
risky payment,12/02/2021
anonymous delivery,09/01/2022
questionable specimen,08/10/2022
encrypted hardware,12/02/2024
dummy nominee,07/10/2020
questionable withdrawal,27/04/2024
manipulated scheme,02/11/2024
shell compound,07/04/2025
covert delivery,02/05/2020
anonymous capsule,28/12/2023
altered sample,21/04/2024
concealed proxy,18/08/2022
dark jurisdiction,02/12/2024
diverted organization,16/11/2023
untraceable trading,13/02/2023
strange corporation,01/09/2023
illicit medication,07/09/2024
counterfeit shipment,17/06/2022
discrete cash,10/01/2020
manipulated powder,22/10/2020
altered items,15/05/2025
risky medication,13/07/2023
discrete armament,17/07/2021
hidden intermediary,25/05/2024
risky brokerage,07/11/2024
diverted syndicate,08/08/2022
unauthorized items,09/04/2024
dummy compound,12/10/2022
undeclared goods,07/10/2024
front conversion,09/08/2024
undisclosed enterprise,26/10/2020
compromised shell,09/06/2020
unregistered front,28/05/2022
illicit pill,07/11/2022
unlisted items,10/12/2020
shell medication,21/09/2023
illegal withdrawal,09/03/2020
unusual organization,03/09/2025
deep conversion,14/05/2021
diverted sample,11/10/2021
suspicious cartel,26/01/2023
unlicensed proxy,11/06/2022
unverified organization,18/05/2021
covert cartel,04/11/2021
underground hardware,20/02/2021
unregistered tablet,11/08/2022
undisclosed ring,06/05/2024
invisible brokerage,02/06/2024
encrypted ammunition,29/10/2022
dark pharmaceutical,28/10/2022
suspicious device,19/10/2023
alternative goods,11/02/2023
undeclared cargo,13/08/2022
illegal delivery,10/03/2023
covert formula,26/11/2020
prohibited tool,07/10/2024
questionable payment,26/08/2024
compromised trust,17/06/2022
laundered prescription,05/09/2022
questionable group,17/05/2022
fraudulent device,12/01/2022
suspicious solution,13/10/2024
unregistered capsule,01/01/2022
deep trust,21/08/2020
strange items,29/04/2020
secret device,28/11/2024
quiet device,23/07/2021
risky solution,07/03/2024
untraceable transfer,24/05/2021
smuggled operation,16/01/2023
stealth front,04/07/2021
laundered organization,23/02/2020
restricted compound,21/04/2023
suspicious withdrawal,05/09/2025
obscure establishment,31/03/2021
questionable equipment,04/05/2025
anonymous tablet,29/09/2020
concealed deposit,31/08/2022
irregular crystal,26/04/2023
diverted solution,23/01/2022
front device,19/08/2022
unregistered compound,02/03/2022
laundered solution,20/08/2021
unauthorized jurisdiction,28/02/2020
unusual withdrawal,25/12/2020
forged nominee,17/05/2025
altered front,26/11/2023
forged network,31/03/2023
anonymous scheme,02/12/2022
secret entity,04/04/2024
shadow business,11/05/2020
coded container,10/07/2021
black paradise,27/11/2023
unknown corporation,27/01/2020
smuggled entity,04/08/2025
underground armament,10/02/2025
strange cargo,25/08/2022
front formula,20/01/2020
unauthorized conversion,29/11/2023
irregular pharmaceutical,23/09/2021
questionable solution,16/12/2023
ghost cargo,14/04/2020
crypto cargo,10/11/2023
secret narcotic,22/05/2020
shell proxy,10/06/2022
shell business,19/05/2021
underground formula,30/05/2025
strange withdrawal,18/01/2022
irregular drug,26/01/2021
unlicensed tool,29/09/2024
unregistered shell,14/11/2024
altered withdrawal,03/10/2021
dark package,15/02/2022
illicit specimen,08/11/2020
classified weapon,29/09/2022
unusual contraband,10/08/2021
dark trading,21/01/2024
fraudulent cargo,24/04/2020
blocked deposit,19/07/2022
prohibited pharmaceutical,03/05/2022
prohibited weapon,12/05/2022
banned tool,19/05/2021
untraceable paradise,26/12/2020
restricted solution,25/05/2024
fraudulent capsule,25/05/2023
dummy trust,23/11/2022
classified device,28/02/2023
